{
  "accuracy": 0.4050587816173851,
  "precision": 0.5203005254310825,
  "recall": 0.4050587816173851,
  "f1_score": 0.36507193314347874
}