{
  "accuracy": 0.8728179551122195,
  "precision": 0.8737533493498334,
  "recall": 0.8728179551122195,
  "f1_score": 0.8723570369385896,
  "label_map": {
    "0": 0,
    "1": 1,
    "2": 2,
    "3": 3,
    "4": 4,
    "5": 5
  },
  "num_classes": 6
}