{
  "accuracy": 0.6480228001425009,
  "precision": 0.647693868010703,
  "recall": 0.6480228001425009,
  "f1_score": 0.6474148926973274
}