{
  "accuracy": 0.8892055575347346,
  "precision": 0.8901382436254625,
  "recall": 0.8892055575347346,
  "f1_score": 0.8882641985354431,
  "label_map": {
    "0": 0,
    "1": 1,
    "2": 2,
    "3": 3,
    "4": 4,
    "5": 5
  },
  "num_classes": 6
}